id,trackname,latitude,longitude,course,speed,height_depth,mmsi_no,imo,cargo_type,length,width,name,timestamp_updated
1,Vessel A,9.017601117281243,-164.20747226465468,355.3257932654318,3.5168679594234726,14.86946835309863,854636086,6878518,Bulk,326,18,Explorer,2024-01-01 00:00:00
2,Vessel C,-58.04200440904784,6.651926453860597,153.55971887449178,16.100635991124474,17.57546209921474,540791184,9878642,General,110,54,Pioneer,2024-01-01 01:00:00
3,Vessel A,-16.10936567226183,-16.9310104830777,227.2724182284316,17.97385671075917,10.214479714008109,621425104,5114067,General,64,46,Explorer,2024-01-01 02:00:00
4,Vessel B,58.3681499482515,83.65178782390132,89.80405197070625,8.817729963414378,10.74503916518495,243098622,9928815,General,381,14,Pioneer,2024-01-01 03:00:00
5,Vessel B,-15.337853455848943,-149.77433730212726,326.82483257271247,18.63863773540783,24.75882535863955,798974964,5519470,Container,264,55,Explorer,2024-01-01 04:00:00
6,Vessel C,-4.57566304856816,171.3706053394522,239.7251545126644,7.1000055147230485,46.31001033012313,975432622,4781497,Bulk,209,31,Pioneer,2024-01-01 05:00:00
7,Vessel C,-16.37355434963183,-117.7448330758144,65.66671402745857,21.51665831651407,22.417328100551416,502989601,4672565,General,329,22,Voyager,2024-01-01 06:00:00
8,Vessel A,-33.07089756385031,89.40294185211587,44.61988378366343,13.864289748969894,12.143222113078094,815639215,7712197,Tanker,83,18,Pioneer,2024-01-01 07:00:00
9,Vessel C,-12.143390912812322,-150.78907032663395,231.5157700416423,23.338537915595825,6.495119680867306,806741645,7333423,General,111,38,Voyager,2024-01-01 08:00:00
10,Vessel B,80.10328167992128,7.709560497377481,63.29256670692764,2.9244738517130497,3.455927371358991,754008495,2300177,Tanker,131,20,Pioneer,2024-01-01 09:00:00
11,Vessel B,66.92204080057448,-119.61369575713574,57.41915760229848,9.034723775030823,7.826985852332557,535899127,2343147,Container,60,56,Voyager,2024-01-01 10:00:00
12,Vessel C,76.48472578232014,143.9243333524882,145.42332745041736,19.12604331605678,14.644561639989812,300307499,5465372,Tanker,308,17,Navigator,2024-01-01 11:00:00
13,Vessel B,63.34637509008451,119.60309508467066,357.28703183255607,7.297086288206639,3.566229472707233,494083612,4912928,Container,255,11,Explorer,2024-01-01 12:00:00
14,Vessel A,-52.9525363345301,4.581631500810431,356.70130653259633,13.007156718962202,29.050125225751632,477601398,2533407,Bulk,320,53,Pioneer,2024-01-01 13:00:00
15,Vessel C,40.14718273301565,-116.30501339263591,130.0668455285218,19.719656820449423,8.235775771955655,186000201,3022653,Bulk,385,44,Explorer,2024-01-01 14:00:00
16,Vessel B,-68.79679309869152,140.28344705209366,277.16083744227365,11.653258167375691,20.621799273750657,711699304,7735677,Tanker,222,23,Explorer,2024-01-01 15:00:00
17,Vessel C,43.28172930897773,105.30008498128764,358.0844987127062,1.1857557384916868,20.66685459359588,835415701,7844622,Bulk,314,18,Voyager,2024-01-01 16:00:00
18,Vessel A,-1.9238532769552563,-178.74320178107192,254.0344297939692,5.194359131236831,49.92376824275095,213583816,6675932,General,161,12,Pioneer,2024-01-01 17:00:00
19,Vessel C,-24.07947014221739,-39.59455064313892,187.9493372828345,10.732003827855808,16.541689508217566,118964296,7639556,Bulk,158,18,Navigator,2024-01-01 18:00:00
20,Vessel C,-42.17499616612424,140.6602316482854,144.23413926401187,0.7148512969508997,47.32502952448115,553686613,6988413,Bulk,338,42,Navigator,2024-01-01 19:00:00
21,Vessel B,59.842060797228896,107.91274796003796,217.77163746260385,6.713228144061239,5.759563424584907,611835228,1517683,Tanker,215,16,Pioneer,2024-01-01 20:00:00
22,Vessel B,79.62640694296763,0.744838283534591,262.0265440217434,2.1383151497804924,0.8447039691684199,412501207,7422395,Bulk,180,30,Explorer,2024-01-01 21:00:00
23,Vessel A,86.7642676294177,-96.46025855019572,222.69733771104268,18.278836929317865,13.302358193425196,138919319,7301036,Tanker,310,43,Pioneer,2024-01-01 22:00:00
24,Vessel C,84.66920096547588,-122.17999845803156,280.15266777387075,24.202507786691925,16.600142843562665,305729342,2474647,Bulk,303,10,Pioneer,2024-01-01 23:00:00
25,Vessel B,-71.73047500078602,-159.26325163904173,164.64433954536156,17.230941130991994,17.659272759787676,621992664,1622131,Container,178,37,Navigator,2024-01-02 00:00:00
26,Vessel B,-39.06658615251408,162.3289762033338,245.29668620121996,3.659508934616848,32.63856918169934,395650916,4505741,Tanker,88,18,Navigator,2024-01-02 01:00:00
27,Vessel B,-55.5852102205852,136.28536961686063,139.996460209135,21.480403949233605,32.15875882975489,250348233,1189852,General,229,57,Explorer,2024-01-02 02:00:00
28,Vessel B,29.19606412433353,-177.30230095771515,86.28206127832236,20.66225983065917,37.0337865675267,721524088,7435812,Container,398,10,Navigator,2024-01-02 03:00:00
29,Vessel B,-72.23064658832868,-136.24875341421335,50.920363268796216,8.99652221375751,22.21641465267653,998577092,2871270,Bulk,223,19,Explorer,2024-01-02 04:00:00
30,Vessel A,4.175394996372503,-86.86954865512928,275.0044867148551,10.011643244997211,48.915320166338375,294538112,5605052,Bulk,52,56,Voyager,2024-01-02 05:00:00
31,Vessel A,-71.84922856229934,-42.21802907598209,178.32236498275853,1.7938668583971584,48.18412457130275,861483570,9187336,Tanker,168,49,Navigator,2024-01-02 06:00:00
32,Vessel B,-24.48750834591523,-123.21556147849924,87.72944688436327,18.542144613266544,21.084857578684847,809151147,6351847,Tanker,105,20,Voyager,2024-01-02 07:00:00
33,Vessel C,75.9132051381032,116.5276582863424,255.9435891540628,5.9860754096950135,8.279175471943628,544669554,4726402,Container,112,38,Explorer,2024-01-02 08:00:00
34,Vessel A,42.29276909087977,-94.78055438589864,46.9224744859686,11.14964484154106,7.978941206997364,979360901,7392279,Bulk,223,22,Voyager,2024-01-02 09:00:00
35,Vessel A,43.58806026979551,170.88718681415594,179.45374285867203,11.691000034312443,18.10046608987486,270092775,1774178,Tanker,264,41,Voyager,2024-01-02 10:00:00
36,Vessel A,-17.418942141363402,-174.34668887789945,26.570267666106844,15.57297801529066,27.94364312792317,394471625,4326018,Container,379,22,Pioneer,2024-01-02 11:00:00
37,Vessel C,-86.22671505863192,97.83158602986686,311.180307120797,16.111903133939716,29.283954633162857,905387546,7396380,Container,140,46,Navigator,2024-01-02 12:00:00
38,Vessel B,11.310133674640724,-33.730506357967414,262.9982665605542,0.9974662339083727,32.5826795101564,876989193,7927435,Container,257,54,Voyager,2024-01-02 13:00:00
39,Vessel B,0.4190848510415748,111.17689154894094,350.79727871592326,13.713990000402754,21.779775624025092,148060545,1552586,Tanker,381,20,Pioneer,2024-01-02 14:00:00
40,Vessel B,45.06789108090112,44.21241938450109,280.35141805600966,23.8513795045656,35.75370690316028,912994349,1111643,General,215,14,Voyager,2024-01-02 15:00:00
41,Vessel B,-84.3355550958279,131.39548303403018,78.73172318257633,24.03285976739715,20.83345900497217,705263797,7135587,Bulk,144,57,Pioneer,2024-01-02 16:00:00
42,Vessel A,25.505048426460547,-27.24345386485041,72.45068400395589,16.117120683268656,34.37919639606192,290826363,3465197,General,186,21,Voyager,2024-01-02 17:00:00
43,Vessel B,30.23008161620997,-137.11586993293284,106.49498212437932,3.135333442977512,45.05820849960347,653191874,6072071,Container,215,42,Navigator,2024-01-02 18:00:00
44,Vessel B,-10.132017934237185,-109.552446945638,72.47982163629828,6.525351253010117,29.408856692052016,352747070,7056839,General,110,40,Pioneer,2024-01-02 19:00:00
45,Vessel A,70.41989029817319,-91.6043627018048,346.7419344602092,20.39002184612153,45.25310800068826,560539230,2007296,General,272,39,Navigator,2024-01-02 20:00:00
46,Vessel B,-40.436677426908425,-115.34884938987406,312.5849199084436,8.38534554144204,42.15455809445229,226237356,7401500,Bulk,145,40,Explorer,2024-01-02 21:00:00
47,Vessel A,67.6505544871523,-169.55230485907308,100.5452670093214,17.50667127437452,37.240970856039205,402397529,2781953,Bulk,338,27,Pioneer,2024-01-02 22:00:00
48,Vessel B,-81.43643543176064,-69.03838050559672,182.55628701943965,11.150275865933242,12.42821542059186,656739463,6849090,Container,149,13,Explorer,2024-01-02 23:00:00
49,Vessel C,-84.3510571342421,132.82359916024234,257.1622532325143,16.265801237881025,43.84294833554868,946650099,3799620,General,329,52,Pioneer,2024-01-03 00:00:00
50,Vessel B,63.97718380849946,-61.942596792269086,149.67306308394518,21.043236368296288,45.38675397928058,502565595,7167540,Container,169,56,Explorer,2024-01-03 01:00:00
51,Vessel A,23.41340154267853,-62.29813180631575,288.1410737602843,10.617551765877597,49.373960826284815,886784614,3175063,Container,63,49,Pioneer,2024-01-03 02:00:00
52,Vessel C,-5.416187561315013,14.719486303243087,6.853306237151409,0.1365859223661003,5.036597892634198,919136952,1614961,Tanker,228,37,Explorer,2024-01-03 03:00:00
53,Vessel C,34.691214091174714,-17.32565589451525,359.37709615196525,22.33310588977229,8.279649300976361,928141931,8494598,Tanker,178,21,Pioneer,2024-01-03 04:00:00
54,Vessel C,-4.688033484041,1.3268567998148626,256.7101711443826,18.20420863491976,18.493385231262945,751857722,7415492,General,246,38,Navigator,2024-01-03 05:00:00
55,Vessel B,20.902743308924897,-19.47044372912117,89.41967867919863,18.670099223215285,10.188594572712883,715749028,5065184,General,271,57,Pioneer,2024-01-03 06:00:00
56,Vessel C,39.43645446129932,-8.19856327839085,47.7022606926756,17.54375609849811,30.08399493682849,131604193,4152526,Bulk,345,34,Voyager,2024-01-03 07:00:00
57,Vessel A,53.28396726550537,37.06262962905819,91.9985403206729,21.77915811614619,45.716114067452615,688971555,9420111,Tanker,53,49,Navigator,2024-01-03 08:00:00
58,Vessel B,-41.45848129157861,156.254770884341,188.07252121526108,22.750043139364205,36.98274497273935,999108115,3936676,General,119,56,Navigator,2024-01-03 09:00:00
59,Vessel B,61.67649536600101,0.3194091353739452,358.50219489532105,22.170700332458185,29.83775666937364,880721842,6053715,General,190,17,Navigator,2024-01-03 10:00:00
60,Vessel A,32.482366018290506,-163.95433011720013,334.35401040076664,5.942392053189124,27.44243980709353,363951400,2169948,Tanker,263,51,Navigator,2024-01-03 11:00:00
61,Vessel A,14.351659734576105,70.11782430823752,110.99491157313798,8.536034313127303,46.69993198380121,242837311,2432115,Container,207,17,Voyager,2024-01-03 12:00:00
62,Vessel A,25.015582821667053,167.17069708319923,257.1515789899452,10.318826949455572,11.579340657582993,463457081,3839023,Tanker,72,46,Pioneer,2024-01-03 13:00:00
63,Vessel A,35.46898604027672,60.407791435385406,135.85978811106733,24.20778464018782,45.61813857413636,820557574,3393697,General,276,46,Navigator,2024-01-03 14:00:00
64,Vessel A,44.24965109133521,119.87093331970442,204.13655919384888,0.2775793718633512,12.862606960636525,198942206,6178177,Container,101,37,Voyager,2024-01-03 15:00:00
65,Vessel C,-73.57126760124623,-73.25313120690942,286.11917242032735,2.41217575194409,45.12506455529168,867204374,7847464,Container,323,33,Pioneer,2024-01-03 16:00:00
66,Vessel C,-59.28137874205412,-83.99063647013423,203.11812645636465,2.3008408164436167,45.00828827139735,312950013,6097785,Bulk,251,25,Voyager,2024-01-03 17:00:00
67,Vessel A,-59.54551660227876,96.96959573038885,282.86599622574136,8.225309380874112,7.022478389106402,923627751,4394243,Bulk,239,14,Navigator,2024-01-03 18:00:00
68,Vessel C,81.09690799366157,11.77835135445551,335.8853094392369,8.070953601291597,20.40391756770609,336854286,6359036,General,239,55,Explorer,2024-01-03 19:00:00
69,Vessel B,17.60740872061426,-29.586493048866146,252.8174012923076,4.490724574926516,38.09600458426436,449318187,4712933,Container,378,48,Voyager,2024-01-03 20:00:00
70,Vessel B,-22.257853281048043,136.6422718674009,248.3890337613154,22.23736782386876,13.860547721690653,665621398,8118878,Bulk,273,57,Navigator,2024-01-03 21:00:00
71,Vessel B,-52.96996273950257,154.60017246673908,195.2531378281987,16.03514859005428,48.97555046266204,425737763,9175361,Tanker,62,47,Pioneer,2024-01-03 22:00:00
72,Vessel A,40.436629262994416,138.63533754033654,191.1104004581551,5.69781362615322,42.64427725542844,853755075,6737768,Tanker,194,39,Explorer,2024-01-03 23:00:00
73,Vessel C,9.201401410257304,7.020838027323492,78.11492140836152,15.066526996263155,6.119428781795039,891952394,2936229,Tanker,149,39,Explorer,2024-01-04 00:00:00
74,Vessel B,62.20644650316439,162.68013863565767,123.04723505987612,23.340731354455933,4.84085260926313,719972554,2067640,General,168,53,Pioneer,2024-01-04 01:00:00
75,Vessel B,-44.3116225194203,176.58567480873393,35.48494788509355,23.2205061189813,47.569038787997314,705789350,3009127,Container,93,51,Pioneer,2024-01-04 02:00:00
76,Vessel B,-48.0933369671779,-164.34681280307592,354.1428836685794,3.279793485318372,4.985296903358583,803612179,5775072,Tanker,277,28,Pioneer,2024-01-04 03:00:00
77,Vessel B,51.842521803454815,173.712866552062,106.44933762133718,11.992498260792312,21.49281579763947,726994340,8311225,Container,315,19,Explorer,2024-01-04 04:00:00
78,Vessel A,-36.47133437430231,62.24296291029654,182.94266337306584,18.04871169646041,0.337020686138556,934607766,4577608,General,102,43,Pioneer,2024-01-04 05:00:00
79,Vessel B,36.07968500593304,21.314144798409927,229.35423035748133,11.679440987766723,47.19836459186723,683615812,4563394,Tanker,321,38,Voyager,2024-01-04 06:00:00
80,Vessel A,10.828273228260583,-172.60310488204766,192.9148316155945,11.065606783974612,24.1625830261576,918481708,4257841,Bulk,176,23,Navigator,2024-01-04 07:00:00
81,Vessel C,59.188711253941136,80.78380276808088,24.95799867304761,4.319533886271604,40.96941543573806,842616722,7871102,Tanker,393,12,Pioneer,2024-01-04 08:00:00
82,Vessel C,73.712484326847,131.22086709689398,213.9803941614147,18.637880743409934,28.50392002565173,908964693,8280549,Tanker,105,33,Pioneer,2024-01-04 09:00:00
83,Vessel A,75.30910234260128,-13.82639752894221,195.8703687173359,7.71269613177383,42.50530498294881,828944167,6122531,General,276,34,Pioneer,2024-01-04 10:00:00
84,Vessel B,-65.07083547224572,-50.8302973008918,206.0636949447113,0.284998668484393,30.12448890380805,158493661,5695722,General,95,53,Explorer,2024-01-04 11:00:00
85,Vessel B,-47.48650876419799,-7.691084627059894,40.11938023872818,23.22913581097401,24.68893141367678,546516633,9461317,Container,346,30,Navigator,2024-01-04 12:00:00
86,Vessel A,-33.233485622159854,-75.30206143851458,136.04536277143742,24.15811984025005,28.89729576364229,932098055,1530966,Container,281,26,Pioneer,2024-01-04 13:00:00
87,Vessel B,-86.54876766506642,122.81549202035092,119.87071286072027,22.01370383921405,7.609642873175004,280177756,5656121,Tanker,343,54,Pioneer,2024-01-04 14:00:00
88,Vessel C,21.0462824599133,-19.588482797592174,335.2418350870064,18.31290079208962,28.49046783399628,332606082,8602605,General,251,14,Explorer,2024-01-04 15:00:00
89,Vessel C,-16.266823376115894,-72.47070927835951,276.90460080842007,9.489244196365007,21.753600079285363,969474584,1965616,General,187,58,Explorer,2024-01-04 16:00:00
90,Vessel C,55.02694468542592,97.3534008647332,87.76460202500938,23.102595923546907,34.5412971544123,657773587,6241966,Bulk,222,43,Voyager,2024-01-04 17:00:00
91,Vessel A,74.42362440886365,141.2976311010308,168.06144917697037,21.298283348230324,4.37736744427411,710449647,3077552,Bulk,195,59,Explorer,2024-01-04 18:00:00
92,Vessel C,-61.19846691827559,-143.21425373565015,46.13588968773512,6.9463422166607725,42.58895376253444,202094327,4556508,Container,130,41,Voyager,2024-01-04 19:00:00
93,Vessel B,-65.09159137172931,-79.16974589288372,277.41025787511967,16.399344685396308,33.055524585514654,248585368,5748967,General,148,59,Explorer,2024-01-04 20:00:00
94,Vessel A,-89.54659525427104,91.1616263937164,266.08869457929865,18.57314911848684,32.27731043154581,185583757,6308016,Tanker,168,16,Pioneer,2024-01-04 21:00:00
95,Vessel A,23.04744549056754,9.43924683097032,195.1473539926112,2.6372852850277435,33.280357121572386,860030216,8530763,Container,116,16,Navigator,2024-01-04 22:00:00
96,Vessel C,-14.190041446731144,-47.02201298749671,92.15107654690269,23.058151869321737,39.27222379219793,497165514,4069878,General,173,53,Pioneer,2024-01-04 23:00:00
97,Vessel C,65.85720269259522,40.16049737927421,303.8272231968156,6.708884218896813,30.071712629125525,440926293,9026734,Bulk,138,54,Voyager,2024-01-05 00:00:00
98,Vessel B,-40.23211219627147,162.1440177643829,196.97230036236837,18.8300668720286,21.120882292255992,923239009,2340505,General,236,29,Pioneer,2024-01-05 01:00:00
99,Vessel C,4.71726840890247,-107.1747116179168,103.00332256434623,12.480042023026623,4.153833627951026,642681586,7138113,Container,229,16,Pioneer,2024-01-05 02:00:00
100,Vessel C,-16.824422044826292,121.8898505101384,241.6171914832247,13.024523407400396,0.9129542771174282,292251692,1191387,General,374,15,Navigator,2024-01-05 03:00:00
101,Vessel B,31.364708802359587,-87.49290850662229,334.98211311477434,15.237702824456225,32.00681652815265,856030248,4215587,Container,163,18,Voyager,2024-01-05 04:00:00
102,Vessel C,-25.96505619015491,-179.90466254903365,50.38225004951058,7.704956730584378,7.452970562514782,814252983,7952242,Tanker,130,24,Navigator,2024-01-05 05:00:00
103,Vessel A,-76.63396084806018,-64.20321417470791,286.1709500332433,5.43862450647051,32.51876456382124,118895855,1221107,Bulk,204,25,Pioneer,2024-01-05 06:00:00
104,Vessel B,-20.992995637034028,-166.02343262015367,69.78318846890421,14.695230097121735,5.356269965483785,820356103,6822963,Tanker,336,34,Pioneer,2024-01-05 07:00:00
105,Vessel B,-29.629117730842676,117.61991522507536,155.07710323072223,14.884005917407128,34.65799941448336,564383546,4421277,Container,344,29,Pioneer,2024-01-05 08:00:00
106,Vessel C,-11.384623235584884,170.6031446285873,263.96684742827307,15.782116138838042,2.6357460861062885,491828812,6227916,Tanker,310,41,Pioneer,2024-01-05 09:00:00
107,Vessel C,43.78134918602672,-133.82795719854516,254.3659069806167,8.053331433463287,49.24060780904002,804815186,2450133,General,286,22,Pioneer,2024-01-05 10:00:00
108,Vessel C,15.62680929353776,111.63354268407312,237.32535749278583,8.308319931468455,15.349215118128,883128501,7036290,General,71,49,Explorer,2024-01-05 11:00:00
109,Vessel A,-29.05260333967292,78.38378754138887,178.65040501000388,4.5029057222891575,6.022851145903962,941222279,2740448,General,56,16,Voyager,2024-01-05 12:00:00
110,Vessel B,-48.06610591410137,167.16744709988643,295.01510509923463,0.6842685028529638,8.140427422637092,784763107,2225730,Tanker,126,49,Navigator,2024-01-05 13:00:00
111,Vessel C,-9.490947549123163,-23.622864735418037,260.2207270619637,8.308493309889839,11.33488397894548,799556891,4346063,Container,393,56,Navigator,2024-01-05 14:00:00
112,Vessel C,65.22493586212536,144.65609023033318,189.8559209290408,7.446264554243373,13.714519651204244,358840924,4512133,Container,258,51,Navigator,2024-01-05 15:00:00
113,Vessel A,30.311468730929505,178.81190924921594,7.956627960522664,7.050832383286751,23.7022329313689,164156431,1560888,General,359,40,Voyager,2024-01-05 16:00:00
114,Vessel C,4.303530229717168,-42.034545631905445,241.75715317201,8.492189968377586,40.73900039726916,797901202,4607066,Bulk,255,56,Pioneer,2024-01-05 17:00:00
115,Vessel A,7.9357613461610015,-1.354893445791021,53.384073182731406,6.88375354425724,42.14023340146195,299673731,4872769,General,323,53,Pioneer,2024-01-05 18:00:00
116,Vessel C,-32.20678046778624,-149.7039774578257,21.655801455788797,11.924282356080743,8.562955003940848,597089465,5858749,Container,254,46,Navigator,2024-01-05 19:00:00
117,Vessel C,86.7257414788356,-113.73382827679195,346.5786449067276,2.521419896098612,28.239271896917085,108289718,9268719,Container,162,25,Navigator,2024-01-05 20:00:00
118,Vessel C,-9.085601340184738,-83.95285518995432,342.1883903062626,10.915086837979796,20.5553051982828,735854120,1696202,General,381,28,Navigator,2024-01-05 21:00:00
119,Vessel A,56.85030369400161,37.59104136923946,181.75199684301265,19.31306737476653,9.633791681545569,476650368,7173196,Tanker,107,13,Voyager,2024-01-05 22:00:00
120,Vessel A,34.62251805258994,102.026840789704,54.14621769977857,10.190570586985803,16.490258557512732,364818490,6113956,Bulk,52,42,Explorer,2024-01-05 23:00:00
121,Vessel C,-57.8265753182254,46.23836730612871,106.32343093568817,14.647703046177782,46.08771090762272,609084469,3491930,General,235,10,Explorer,2024-01-06 00:00:00
122,Vessel C,-13.086358099807285,-25.15273688270571,236.6066975760569,12.636466525414678,15.402215301645011,464971380,8611958,Tanker,312,24,Pioneer,2024-01-06 01:00:00
123,Vessel A,9.111247731453249,-68.39471039133198,61.79742708480201,16.209470819877296,1.9925941466595376,546368256,9589877,Container,373,21,Pioneer,2024-01-06 02:00:00
124,Vessel B,-67.92315153800614,35.80130367703336,4.685756208530112,9.870403624134433,22.365960179892795,711476124,4680507,Tanker,160,50,Voyager,2024-01-06 03:00:00
125,Vessel C,70.85235158225248,45.46648322172453,290.1883071975372,24.50708603473842,40.358561254976,323829099,9591812,General,343,19,Explorer,2024-01-06 04:00:00
126,Vessel B,-37.02344062596537,-141.13007160201963,232.64745182747177,8.7272164992434,39.08269172713608,902628865,4556809,Tanker,380,40,Explorer,2024-01-06 05:00:00
127,Vessel C,-49.69312816082666,125.5319221815003,183.56575439770685,20.934570663538462,39.99397424332845,785920699,6201392,Bulk,338,32,Voyager,2024-01-06 06:00:00
128,Vessel B,-14.915563395620964,108.9609393310601,242.3024374523456,20.613219639958185,35.96228785334134,725759263,1268668,General,149,23,Pioneer,2024-01-06 07:00:00
129,Vessel C,16.368740026584746,-1.3833051591061292,176.4146021651914,19.51422213143264,7.392984436290606,296254449,3160302,Container,147,15,Explorer,2024-01-06 08:00:00
130,Vessel B,-77.02680759400806,60.504964118592966,278.5210923698207,5.017637962923907,31.16833811252012,675803071,5180315,Tanker,363,38,Voyager,2024-01-06 09:00:00
131,Vessel A,-3.5358985567656163,38.59502936537851,98.69721681733331,19.991394419148108,7.260654624405088,878018999,4709931,General,188,27,Navigator,2024-01-06 10:00:00
132,Vessel B,19.7157061345619,13.870650706166174,246.23577358340123,15.656864111342742,14.292818623195918,941645024,1466965,Tanker,207,46,Navigator,2024-01-06 11:00:00
133,Vessel B,83.03063592203867,1.9835039914522952,38.043052596218246,15.614996916682571,5.948702420473034,298017928,9693183,Bulk,268,12,Pioneer,2024-01-06 12:00:00
134,Vessel A,55.21985301783997,-84.6610656499077,90.7348394894684,8.61849782875638,37.76026773526682,580037669,9448706,Bulk,338,50,Pioneer,2024-01-06 13:00:00
135,Vessel C,22.500281633554053,114.87964283649706,268.8276746480515,5.68722143663116,18.22979594521651,738873977,6793762,General,122,55,Explorer,2024-01-06 14:00:00
136,Vessel B,42.24372623962648,127.89156291261024,69.73859977249646,7.602316538592257,34.667933716696886,584322337,6149591,Bulk,373,29,Voyager,2024-01-06 15:00:00
137,Vessel C,7.25797702861675,-170.453955109173,332.9690068024217,0.3566528064917529,28.348440080015877,253429358,9799223,Tanker,171,13,Navigator,2024-01-06 16:00:00
138,Vessel A,-40.17379208495258,-77.76699942479975,353.0666243488296,21.780859698633247,39.78216153171947,839405107,6319978,Tanker,220,52,Voyager,2024-01-06 17:00:00
139,Vessel B,-9.427113114783012,-116.90210801913574,295.4166687436459,0.4156161646734796,13.297307511683709,305312999,5019858,Bulk,203,43,Explorer,2024-01-06 18:00:00
140,Vessel A,-29.306272161920383,108.55824634986824,104.90094699601518,23.48302326668563,28.82071929620857,874184276,5394036,Container,299,28,Explorer,2024-01-06 19:00:00
141,Vessel B,47.901763315312905,99.69996409808816,166.30196539523095,7.147401145905078,0.6700260856157769,417731975,9506372,General,259,25,Voyager,2024-01-06 20:00:00
142,Vessel C,-44.03122366458492,-109.74233425479424,311.0620226975686,2.583524191925654,33.87453943527331,930219481,5420789,Tanker,323,58,Navigator,2024-01-06 21:00:00
143,Vessel B,-52.21148974239741,49.01861695878503,57.45447255083671,6.7476639290487,24.290803742707507,407939179,8105895,Tanker,72,53,Pioneer,2024-01-06 22:00:00
144,Vessel C,-75.89974063305606,47.82203972483023,197.04727884556644,20.0677954958899,20.04016126712863,277145606,4644449,Tanker,277,23,Navigator,2024-01-06 23:00:00
145,Vessel C,49.213662833951815,76.22068693474762,14.079003344639233,0.3155118747894286,25.744432311532385,490137161,9081304,Bulk,167,17,Navigator,2024-01-07 00:00:00
146,Vessel A,31.265784282005768,55.80458673858308,313.7671657516179,13.186104734849208,11.45832758110512,791379911,7628732,Bulk,150,53,Navigator,2024-01-07 01:00:00
147,Vessel B,43.31785821994157,-38.21840999424992,283.75980795345896,7.03682448247697,14.693411552045394,630892273,1344935,Tanker,377,16,Voyager,2024-01-07 02:00:00
148,Vessel B,-54.30474066947342,143.04519661122168,332.16153311583594,16.612405543343662,7.673024730714967,686287134,9941813,Bulk,153,22,Explorer,2024-01-07 03:00:00
149,Vessel A,-62.97705005375399,160.34960976742906,136.15859178183533,9.618815761771534,39.61503580117108,555603217,6346090,Bulk,230,43,Pioneer,2024-01-07 04:00:00
150,Vessel A,-32.64256977665645,-169.75520416232067,94.1213309293629,2.998748637798887,10.576218064353432,280922406,9795628,Container,244,45,Voyager,2024-01-07 05:00:00
151,Vessel A,48.24020379255524,60.39590646130884,200.2728709162472,14.11314868882351,21.01554254754313,984099973,2043900,General,162,31,Voyager,2024-01-07 06:00:00
152,Vessel C,3.962267466496513,145.52566830807763,211.48957161099983,12.963941206886062,3.173326945692712,388168101,7721230,Tanker,111,44,Explorer,2024-01-07 07:00:00
153,Vessel A,59.71513603061666,177.3927120722122,208.75706412650533,10.17268427475618,15.988844111737654,108813452,9210859,Tanker,75,19,Voyager,2024-01-07 08:00:00
154,Vessel B,76.50464580553893,-91.13926047613536,130.64397822192754,17.558834209753858,23.46008484225315,224192127,6326427,Bulk,288,22,Pioneer,2024-01-07 09:00:00
155,Vessel C,-82.51415686963558,116.47406574934088,39.24349293478485,7.088081395602194,29.283587768357645,916239875,1559244,Tanker,352,21,Pioneer,2024-01-07 10:00:00
156,Vessel C,-11.46843252796937,-40.36575289507874,101.01211552333046,23.50937855111373,42.22740291568154,582158140,5829357,Bulk,93,19,Pioneer,2024-01-07 11:00:00
157,Vessel A,-54.20615560113989,142.27731991985797,72.32965762726519,16.84457827156374,26.44684521560511,566579703,4928304,Container,382,26,Explorer,2024-01-07 12:00:00
158,Vessel A,-61.69559330079012,93.0603580235628,178.67254099590093,22.338666039083865,43.03276557971822,884040824,8280815,General,96,50,Explorer,2024-01-07 13:00:00
159,Vessel A,-79.83303777867056,-8.900527355597433,72.49066395590297,15.956959716164189,15.287534256193624,636892933,6983852,General,215,29,Pioneer,2024-01-07 14:00:00
160,Vessel C,-55.73338853771617,75.64405579607484,314.41799276883785,10.234922736106414,24.71987021757539,816898112,7788218,Container,206,42,Explorer,2024-01-07 15:00:00
161,Vessel B,-22.691880401298903,45.61565107039726,240.29264593419495,11.29839894504386,41.7263851519106,208633784,9984017,Container,137,20,Explorer,2024-01-07 16:00:00
162,Vessel C,0.628559635365221,-10.00612881480751,266.1950506177387,0.6826253865311521,32.42729879573037,930997249,1949063,Container,300,29,Voyager,2024-01-07 17:00:00
163,Vessel B,75.38237172675542,94.54576334441124,253.42896839763583,5.272786314398614,39.73464218840464,217649583,8349617,Bulk,275,46,Voyager,2024-01-07 18:00:00
164,Vessel B,-87.64662449046534,-49.34119277509123,118.50175117597809,14.39948152232863,38.77042057849324,737435303,6833529,Bulk,376,48,Pioneer,2024-01-07 19:00:00
165,Vessel C,41.46579216759403,177.65140685135668,331.0509250588429,1.7344425129263068,19.79839176618275,466067693,7559109,General,248,30,Voyager,2024-01-07 20:00:00
166,Vessel B,-79.04959432778006,32.56348070983387,291.9079699016841,16.68901652170647,1.1955653941983946,686251904,7640936,Bulk,228,25,Explorer,2024-01-07 21:00:00
167,Vessel B,-42.29711741951627,128.4161284090825,217.72246975995884,7.778960546980188,3.630621169922183,619335283,6149279,Container,169,43,Navigator,2024-01-07 22:00:00
168,Vessel B,84.83452641454946,39.13726547696902,52.311093462860505,1.5555633786249634,15.774871340905683,427257879,1884816,Container,289,48,Pioneer,2024-01-07 23:00:00
169,Vessel A,51.52834676945946,-161.84215990711957,356.01997853293824,16.062065162230166,36.93408419013367,438140693,8219368,Bulk,369,56,Navigator,2024-01-08 00:00:00
170,Vessel C,-23.47351315373133,-10.050614550748747,224.9798896645576,14.275567977621495,19.962149833535552,968743647,5500852,Tanker,320,14,Pioneer,2024-01-08 01:00:00
171,Vessel A,53.06525506126124,-74.91364617136813,331.7966485824952,18.43297938986324,26.98821576729834,467198325,7162949,Bulk,118,49,Voyager,2024-01-08 02:00:00
172,Vessel B,-30.04582913943621,-125.86827182241824,161.04539450822458,12.001681670179524,38.998481536708006,278436806,4881790,General,144,55,Explorer,2024-01-08 03:00:00
173,Vessel A,86.19136588497526,139.49968858773275,170.91254192734257,22.2761018012214,45.38005064432927,720467150,6587864,General,128,46,Voyager,2024-01-08 04:00:00
174,Vessel C,-32.44567570516339,128.2771484021921,164.89723654261704,8.322304750093407,3.4348914152036003,208731792,5866022,General,77,41,Voyager,2024-01-08 05:00:00
175,Vessel B,66.0583892490032,-158.98406988430594,299.21156290343686,11.219404776366154,17.382958669168975,118118136,1858061,Tanker,87,53,Explorer,2024-01-08 06:00:00
176,Vessel C,61.61684059251317,-14.999213701977824,8.257522697775798,12.003311848474825,47.26792774087422,693080836,6604886,General,115,31,Pioneer,2024-01-08 07:00:00
177,Vessel B,69.28356192826752,18.665338877902485,179.71476812920008,12.50965970851422,22.87054972734508,394633290,6505986,Container,295,22,Pioneer,2024-01-08 08:00:00
178,Vessel A,6.638775235217139,-74.31410654420434,275.2324544421264,13.332245415352292,38.87907494067981,130956545,1812231,Tanker,314,54,Explorer,2024-01-08 09:00:00
179,Vessel B,59.44477688833004,12.976600215842865,12.175750311475255,20.479624127369124,7.002367794505799,772430532,1321331,General,184,56,Pioneer,2024-01-08 10:00:00
180,Vessel B,-52.12161203877763,104.32212513072147,253.6160430069981,19.98520667199352,16.27082342251491,436287979,5759675,Container,279,11,Voyager,2024-01-08 11:00:00
181,Vessel C,-60.323019692526735,-76.13118307273892,196.62889539014108,17.588742608122313,40.68745436778049,668640433,9846902,Bulk,150,36,Explorer,2024-01-08 12:00:00
182,Vessel B,63.96483287429359,108.29779536679683,80.44925224883404,13.514188357255378,0.5480865564379545,672688860,8327584,Bulk,208,43,Explorer,2024-01-08 13:00:00
183,Vessel B,-1.661520760942352,-78.5988767479468,201.10193807393276,19.85827766420466,40.43069890487882,348220320,6400836,Container,80,47,Pioneer,2024-01-08 14:00:00
184,Vessel A,-39.91777597111342,114.2675281441455,144.50535490742368,8.28758641305919,36.320880469951824,411815624,7725807,Bulk,298,54,Pioneer,2024-01-08 15:00:00
185,Vessel B,79.94543746194134,-140.55204911419483,182.0576098526789,11.719172067978404,19.411901755773737,153033384,6041714,Container,129,54,Pioneer,2024-01-08 16:00:00
186,Vessel B,76.28106350119862,-118.428137324304,284.47999437618523,5.9797606364024976,14.417471500407348,203221784,8378556,General,371,29,Explorer,2024-01-08 17:00:00
187,Vessel B,-60.86466406426413,135.03697348009092,129.3759031924794,11.719107090268258,3.731514508731426,184240008,3828465,Bulk,120,21,Navigator,2024-01-08 18:00:00
188,Vessel B,-81.5981910092276,26.38866383052792,275.90799533615325,0.7095884530902902,43.9803204153898,394390864,8369985,Tanker,358,41,Explorer,2024-01-08 19:00:00
189,Vessel B,-88.07022322200757,165.33711044191864,179.37294943228375,24.391872127868723,13.869165998539712,809076998,9368281,Container,249,17,Voyager,2024-01-08 20:00:00
190,Vessel C,-2.4858980673462554,-89.6630098663785,46.12564108639235,21.482054955571574,19.72593957863296,375114833,1129000,Tanker,328,29,Voyager,2024-01-08 21:00:00
191,Vessel C,22.32565660708424,-113.20474066316554,131.59807502583158,7.56146979500455,23.30586582579813,230866854,8180847,Tanker,212,31,Explorer,2024-01-08 22:00:00
192,Vessel A,34.17950480698738,84.0489842578612,131.63683852594806,1.1072325467939377,21.20225764776941,798326085,2729530,General,188,25,Pioneer,2024-01-08 23:00:00
193,Vessel A,17.561960319381853,-99.2778627297057,30.64642608405865,18.730549403291608,27.564510322657554,896353313,4468553,Tanker,303,30,Navigator,2024-01-09 00:00:00
194,Vessel A,-38.68958884577648,161.8041830637094,50.79878092446443,22.79305953439773,34.68079345651394,905176407,9206346,Tanker,252,55,Pioneer,2024-01-09 01:00:00
195,Vessel A,-24.914631307211977,10.959994329069644,293.8359383118945,15.53063468083128,10.36024643953239,198602132,9988420,Tanker,390,26,Navigator,2024-01-09 02:00:00
196,Vessel B,-33.583043228575725,-135.0895023086332,291.63393418465307,23.64239006809567,41.40455865601386,628995301,5082216,Container,152,46,Voyager,2024-01-09 03:00:00
197,Vessel C,-64.65631838203043,-15.51246570671418,319.55182325630034,15.601641102394897,36.75812863079372,798134393,3996923,Tanker,108,40,Pioneer,2024-01-09 04:00:00
198,Vessel C,-46.93884811588615,155.65079532326115,83.59775399128962,11.55876571004686,42.82572951235229,846501952,8110997,Container,148,29,Navigator,2024-01-09 05:00:00
199,Vessel C,28.64111662620036,65.83380204177999,72.25171365746367,12.85110383880328,20.94848251144374,435556366,1502808,Tanker,165,52,Pioneer,2024-01-09 06:00:00
200,Vessel B,-10.022137100484798,107.00494331745703,250.26570930914295,13.521922452540505,3.934204303550376,687621857,4834639,General,157,15,Pioneer,2024-01-09 07:00:00
201,Vessel B,-88.43949579004371,-149.45394971738617,106.31568609019143,4.905410865303253,21.56029952743944,973643387,8697453,Bulk,338,55,Explorer,2024-01-09 08:00:00
202,Vessel A,-11.03461833586357,-10.588767471333227,153.95262229293056,2.854868999115628,5.4578747881594,310844442,9087083,Tanker,134,17,Explorer,2024-01-09 09:00:00
203,Vessel C,41.2506915210416,22.77283634842337,298.4053299509516,1.7947623455055155,27.56001015812935,783182038,8834294,Container,353,56,Explorer,2024-01-09 10:00:00
204,Vessel B,-59.82683862687019,-174.11349002828243,329.32940471354857,4.260552120031999,13.17497443115148,122910972,1479229,General,317,57,Pioneer,2024-01-09 11:00:00
205,Vessel C,19.279656506218544,-162.65848653590626,329.787222038416,8.478539558227569,36.586276725481966,328636262,9910224,Bulk,376,21,Explorer,2024-01-09 12:00:00
206,Vessel B,-76.91375860631003,-93.2270284415464,75.96343008927892,8.626251235952049,27.390888321845296,932717261,6407361,Bulk,58,46,Pioneer,2024-01-09 13:00:00
207,Vessel A,-25.27753977056541,80.14862880218357,54.72574814952146,8.52193266408316,41.825330983947815,713742676,9852941,General,122,44,Voyager,2024-01-09 14:00:00
208,Vessel A,76.59424836029493,-27.13030641083759,335.51082442068184,17.964699441960484,38.026729633164784,145161159,5514654,Tanker,153,48,Pioneer,2024-01-09 15:00:00
209,Vessel C,85.58901016621658,95.86617515413911,82.8242439711571,11.810255206568074,48.12741454590044,320817392,5200012,Bulk,378,15,Navigator,2024-01-09 16:00:00
210,Vessel C,3.1091613769018096,-55.732178983828405,105.87446554583909,17.453087394274732,22.550122027392398,714792961,6727719,Bulk,387,15,Pioneer,2024-01-09 17:00:00
211,Vessel B,-30.901636250826726,-110.04563290193644,323.486893903725,23.15424346189602,23.59756014012413,590902467,2551134,Container,360,30,Navigator,2024-01-09 18:00:00
212,Vessel A,39.09059984467487,1.7860492073786531,346.6193691648438,23.62186016553836,33.19068224565538,878948335,9907403,Container,349,24,Voyager,2024-01-09 19:00:00
213,Vessel A,-58.04194418659309,158.4713882826738,350.29367637523626,15.189000717865412,48.627377849325086,536569245,6100809,General,365,14,Voyager,2024-01-09 20:00:00
214,Vessel B,-78.55177623819237,179.5511627432868,149.99208043641204,5.410922107807082,22.196599389191817,607510602,9926144,Tanker,106,52,Voyager,2024-01-09 21:00:00
215,Vessel C,-74.51918713415611,-45.60158840263179,306.4543752813659,16.261404803975626,9.616694463889296,427843192,2535155,Bulk,331,34,Voyager,2024-01-09 22:00:00
216,Vessel A,-22.61364049519445,-127.64963379414792,8.630370455968324,2.472879204028536,24.519993652135387,753453602,1965719,Tanker,64,34,Navigator,2024-01-09 23:00:00
217,Vessel A,-89.24941897844138,-15.621336025231926,318.9435203773696,0.9417040156273676,49.77819450725013,507314482,1710821,General,118,56,Explorer,2024-01-10 00:00:00
218,Vessel B,80.53212713348901,-30.14549605183089,264.84771886102266,5.711274465446548,44.45592592578816,144724612,3213717,Bulk,113,50,Navigator,2024-01-10 01:00:00
219,Vessel B,-6.737493713418658,-58.25805639575883,293.8652179522045,0.2377487361365754,41.844997432697376,620158466,5365932,Tanker,81,34,Voyager,2024-01-10 02:00:00
220,Vessel C,-49.50689222878896,90.62355664397028,80.84130994795117,5.384319444827193,37.83221713646464,199128675,7329630,General,335,19,Navigator,2024-01-10 03:00:00
221,Vessel B,-50.37940894586652,-165.79094176539107,86.82533423163758,5.121832718892508,46.99739322954005,603482661,1698397,Tanker,81,53,Voyager,2024-01-10 04:00:00
222,Vessel A,50.39118040237963,102.85326627043594,346.57787108182004,2.7094804140173903,40.49916244868455,344502222,7968242,Bulk,273,28,Pioneer,2024-01-10 05:00:00
223,Vessel C,29.703510204449515,-51.09426719452375,332.9323228806979,16.094559231049963,9.148112895480464,662542332,7842030,Bulk,398,49,Navigator,2024-01-10 06:00:00
224,Vessel A,-3.6295621939333382,-86.80623099639855,338.7888777301443,1.4323073082229714,44.75263108338089,280125892,5148003,General,397,24,Voyager,2024-01-10 07:00:00
225,Vessel C,-65.4389186145074,100.49514339149556,62.87907373312055,20.21694157140908,23.01942300605031,651834489,5107413,General,58,25,Voyager,2024-01-10 08:00:00
226,Vessel B,2.2873634502206954,125.9035459926456,309.12942835322866,24.78863062027248,36.35226681717902,457902426,8719635,Container,197,40,Explorer,2024-01-10 09:00:00
227,Vessel A,-65.52672417254006,169.41974081463155,119.73739136357491,9.208676333807764,48.19960890102096,377414599,4987738,Container,309,25,Pioneer,2024-01-10 10:00:00
228,Vessel A,-76.63147429832905,92.8264757962757,2.98213436020823,15.31958946077368,30.4340294427262,193805481,1732841,General,344,14,Navigator,2024-01-10 11:00:00
229,Vessel C,70.27154868701615,11.962746269030164,275.5570598541391,0.598712465984988,9.069010257804573,282646476,7179035,General,310,29,Explorer,2024-01-10 12:00:00
230,Vessel C,-78.71415994098228,-43.64838934197056,349.2276653967186,3.0119048134354536,12.428640909404653,447545323,4553045,General,301,56,Voyager,2024-01-10 13:00:00
231,Vessel C,43.363446180483066,-84.42364158808238,157.12862900326235,24.769238232478724,0.3096221632735541,748528623,5229807,Container,252,12,Voyager,2024-01-10 14:00:00
232,Vessel B,-30.931798125699807,-67.03349924110492,227.0804425807512,7.448080957709075,23.64552285072629,494677479,7625977,General,106,30,Navigator,2024-01-10 15:00:00
233,Vessel B,31.445169980958696,168.38224802666377,327.32669474261405,24.868543592221947,46.84437237572772,779427973,4852209,Tanker,314,31,Pioneer,2024-01-10 16:00:00
234,Vessel B,-59.98713422411159,38.29599788152933,346.5633658821073,2.5445540582681088,19.643353835379457,287877795,8005878,Container,69,45,Navigator,2024-01-10 17:00:00
235,Vessel B,-6.841242294789026,-168.46796900412912,278.6685872366482,15.300399567548425,34.90503293725016,165009090,2017582,Tanker,299,56,Explorer,2024-01-10 18:00:00
236,Vessel B,-73.69756629555197,-95.29264320153526,259.1256197932436,13.917218555636174,4.849824755071635,908902136,9233494,Container,143,29,Explorer,2024-01-10 19:00:00
237,Vessel C,-5.487560997951093,-167.37211503688195,258.80272787696686,12.040133056852842,48.70385841553855,789264161,2560842,Bulk,238,31,Voyager,2024-01-10 20:00:00
238,Vessel A,-11.44831887255816,-140.11318175908633,230.3349469114545,1.6276980855531475,27.83281133281034,934339327,7236050,Tanker,187,34,Navigator,2024-01-10 21:00:00
239,Vessel A,-66.49944278916982,139.69845463180553,108.45418787035524,10.914030378531535,16.8515902866391,757920318,3866100,Bulk,253,23,Explorer,2024-01-10 22:00:00
240,Vessel C,24.62432695793929,13.683236184443103,320.9187716775455,1.7083628955749082,14.63217501741038,251951476,2442713,General,348,54,Pioneer,2024-01-10 23:00:00
241,Vessel B,5.441680232572921,75.39660878846078,95.456561479419,13.830674040674296,24.315796914324597,453102340,1891271,Tanker,379,14,Explorer,2024-01-11 00:00:00
242,Vessel C,-63.72169000505326,64.25201886458055,216.5193399705561,10.6822306513318,3.211740437780369,840737291,5793291,Tanker,96,59,Navigator,2024-01-11 01:00:00
243,Vessel B,37.92805784602348,97.43041838994554,328.1311025844538,12.536003130023303,24.76152691337733,609438936,9834352,Bulk,346,50,Navigator,2024-01-11 02:00:00
244,Vessel C,58.76555708516722,32.06377116304776,43.34983062617869,24.704277620334977,6.072058703386407,929977402,1670992,Bulk,176,39,Navigator,2024-01-11 03:00:00
245,Vessel A,-6.095227258782771,35.38768579174385,305.8847511227896,5.290693952627065,11.133804518780572,263132254,9463021,Tanker,151,56,Explorer,2024-01-11 04:00:00
246,Vessel B,-67.77136227236936,150.43945667716872,14.895147819783311,9.698908351719805,22.75938876478486,950499743,7509298,General,344,47,Explorer,2024-01-11 05:00:00
247,Vessel C,49.96015390787883,84.25460361543566,25.06103803091985,0.8916561222267805,47.930428813515725,420508208,7877807,Container,279,32,Pioneer,2024-01-11 06:00:00
248,Vessel C,-62.382344159466825,127.196421832385,94.83414844558511,4.269176441743689,10.795566732527034,606276006,9796986,Bulk,390,22,Voyager,2024-01-11 07:00:00
249,Vessel A,-3.188170394336737,-36.13048602372635,353.29916810718856,3.975269120592376,30.70488405033749,138298588,2101757,Container,84,27,Voyager,2024-01-11 08:00:00
250,Vessel B,-60.45554295189825,-48.83728270000884,197.4603940801528,6.988860342047981,11.773841695595394,109375705,2490279,Tanker,365,25,Voyager,2024-01-11 09:00:00
251,Vessel B,-52.21148974239741,49.01861695878503,57.45447255083671,6.7476639290487,24.290803742707507,407939179,8105895,Tanker,72,53,Pioneer,2024-01-06 22:00:00
252,Vessel C,-16.37355434963183,-117.7448330758144,65.66671402745857,21.51665831651407,22.417328100551416,502989601,4672565,General,329,22,Voyager,2024-01-01 06:00:00
253,Vessel B,-40.23211219627147,162.1440177643829,196.97230036236837,18.8300668720286,21.120882292255992,923239009,2340505,General,236,29,Pioneer,2024-01-05 01:00:00
254,Vessel A,14.351659734576105,70.11782430823752,110.99491157313798,8.536034313127303,46.69993198380121,242837311,2432115,Container,207,17,Voyager,2024-01-03 12:00:00
255,Vessel A,30.311468730929505,178.81190924921594,7.956627960522664,7.050832383286751,23.7022329313689,164156431,1560888,General,359,40,Voyager,2024-01-05 16:00:00
256,Vessel B,63.96483287429359,108.29779536679683,80.44925224883404,13.514188357255378,0.5480865564379545,672688860,8327584,Bulk,208,43,Explorer,2024-01-08 13:00:00
257,Vessel C,-46.93884811588615,155.65079532326115,83.59775399128962,11.55876571004686,42.82572951235229,846501952,8110997,Container,148,29,Navigator,2024-01-09 05:00:00
258,Vessel B,79.94543746194134,-140.55204911419483,182.0576098526789,11.719172067978404,19.411901755773737,153033384,6041714,Container,129,54,Pioneer,2024-01-08 16:00:00
259,Vessel B,80.10328167992128,7.709560497377481,63.29256670692764,2.9244738517130497,3.455927371358991,754008495,2300177,Tanker,131,20,Pioneer,2024-01-01 09:00:00
260,Vessel B,-29.629117730842676,117.61991522507536,155.07710323072223,14.884005917407128,34.65799941448336,564383546,4421277,Container,344,29,Pioneer,2024-01-05 08:00:00
261,Vessel B,-88.43949579004371,-149.45394971738617,106.31568609019143,4.905410865303253,21.56029952743944,973643387,8697453,Bulk,338,55,Explorer,2024-01-09 08:00:00
262,Vessel A,-89.24941897844138,-15.621336025231926,318.9435203773696,0.9417040156273676,49.77819450725013,507314482,1710821,General,118,56,Explorer,2024-01-10 00:00:00
263,Vessel C,-5.487560997951093,-167.37211503688195,258.80272787696686,12.040133056852842,48.70385841553855,789264161,2560842,Bulk,238,31,Voyager,2024-01-10 20:00:00
264,Vessel B,5.441680232572921,75.39660878846078,95.456561479419,13.830674040674296,24.315796914324597,453102340,1891271,Tanker,379,14,Explorer,2024-01-11 00:00:00
265,Vessel C,81.09690799366157,11.77835135445551,335.8853094392369,8.070953601291597,20.40391756770609,336854286,6359036,General,239,55,Explorer,2024-01-03 19:00:00
266,Vessel C,-65.4389186145074,100.49514339149556,62.87907373312055,20.21694157140908,23.01942300605031,651834489,5107413,General,58,25,Voyager,2024-01-10 08:00:00
267,Vessel A,-24.914631307211977,10.959994329069644,293.8359383118945,15.53063468083128,10.36024643953239,198602132,9988420,Tanker,390,26,Navigator,2024-01-09 02:00:00
268,Vessel B,-68.79679309869152,140.28344705209366,277.16083744227365,11.653258167375691,20.621799273750657,711699304,7735677,Tanker,222,23,Explorer,2024-01-01 15:00:00
269,Vessel A,6.638775235217139,-74.31410654420434,275.2324544421264,13.332245415352292,38.87907494067981,130956545,1812231,Tanker,314,54,Explorer,2024-01-08 09:00:00
270,Vessel B,-71.73047500078602,-159.26325163904173,164.64433954536156,17.230941130991994,17.659272759787676,621992664,1622131,Container,178,37,Navigator,2024-01-02 00:00:00
